{
  "project_info": {
    "project_number": "404264017840",
    "firebase_url": "https://selectronicvisitormanagement.firebaseio.com",
    "project_id": "selectronicvisitormanagement",
    "storage_bucket": "selectronicvisitormanagement.appspot.com"
  },
  "client": [
    {
      "client_info": {
        "mobilesdk_app_id": "1:404264017840:android:7701898411c419f0",
        "android_client_info": {
          "package_name": "com.example.jonathan.selectronicvisitormanagementsoftware"
        }
      },
      "oauth_client": [
        {
          "client_id": "404264017840-42efeljl6qval7jia37kl5e5qlf3bhq8.apps.googleusercontent.com",
          "client_type": 1,
          "android_info": {
            "package_name": "com.example.jonathan.selectronicvisitormanagementsoftware",
            "certificate_hash": "90b7371d8545a1615b74c0938126ec34290126c0"
          }
        },
        {
          "client_id": "404264017840-utl2gciv12ftcm1bki2tja46ee0emf9l.apps.googleusercontent.com",
          "client_type": 3
        }
      ],
      "api_key": [
        {
          "current_key": "AIzaSyDj7mpSAqkUiuHrjEosvPDKDy-kZVqInDA"
        }
      ],
      "services": {
        "analytics_service": {
          "status": 1
        },
        "appinvite_service": {
          "status": 2,
          "other_platform_oauth_client": [
            {
              "client_id": "404264017840-utl2gciv12ftcm1bki2tja46ee0emf9l.apps.googleusercontent.com",
              "client_type": 3
            }
          ]
        },
        "ads_service": {
          "status": 2
        }
      }
    }
  ],
  "configuration_version": "1"
}